date,MKT(3F),SMB(3F),HML(3F),MKT(5F),SMB(5F),HML(5F),RMW(5F),CMA(5F)
1926-07,2.96,-2.56,-2.43,,,,,
1926-08,2.64,-1.17,3.82,,,,,
1926-09,0.36,-1.4,0.13,,,,,
1926-10,-3.24,-0.09,0.7,,,,,
1926-11,2.53,-0.1,-0.51,,,,,
1926-12,2.62,-0.03,-0.05,,,,,
1927-01,-0.06,-0.37,4.54,,,,,
1927-02,4.18,0.04,2.94,,,,,
1927-03,0.13,-1.65,-2.61,,,,,
1927-04,0.46,0.3,0.81,,,,,
1927-05,5.44,1.53,4.73,,,,,
1927-06,-2.34,0.59,-1.73,,,,,
1927-07,7.26,-3.25,-1.14,,,,,
1927-08,1.97,-0.69,-3.74,,,,,
1927-09,4.76,-3.63,-0.63,,,,,
1927-10,-4.31,2.12,-4.33,,,,,
1927-11,6.58,2.72,-0.27,,,,,
1927-12,2.09,0.97,-1.13,,,,,
1928-01,-0.68,4.26,-0.75,,,,,
1928-02,-1.7,-2.06,-0.65,,,,,
1928-03,8.81,-0.26,-1.22,,,,,
1928-04,4.23,3.98,3.44,,,,,
1928-05,1.52,2.85,-3.27,,,,,
1928-06,-4.85,-3.52,-0.03,,,,,
1928-07,0.62,-1.32,-0.5,,,,,
1928-08,6.68,-2.06,-2.15,,,,,
1928-09,2.88,2.41,0.86,,,,,
1928-10,1.33,2.22,-2.16,,,,,
1928-11,11.81,-1.78,2.7,,,,,
1928-12,0.36,-0.86,-0.65,,,,,
1929-01,4.66,-3.56,-1.24,,,,,
1929-02,-0.34,-0.38,1.66,,,,,
1929-03,-0.89,-4.71,1.58,,,,,
1929-04,1.43,-0.97,0.59,,,,,
1929-05,-6.39,-5.37,-1.42,,,,,
1929-06,9.7,-2.17,-2.79,,,,,
1929-07,4.46,-3.88,2.71,,,,,
1929-08,8.18,-9.59,0.13,,,,,
1929-09,-5.47,1.19,-0.65,,,,,
1929-10,-20.12,-4.01,7.78,,,,,
1929-11,-12.74,-1.72,5.05,,,,,
1929-12,1.33,-4.5,-0.54,,,,,
1930-01,5.61,3.55,-0.96,,,,,
1930-02,2.5,0.19,0.2,,,,,
1930-03,7.1,3.41,0.33,,,,,
1930-04,-2.06,-0.35,-0.35,,,,,
1930-05,-1.66,-2.01,-0.73,,,,,
1930-06,-16.27,-3.38,2.33,,,,,
1930-07,4.12,-0.28,-1.75,,,,,
1930-08,0.3,-2.1,-0.61,,,,,
1930-09,-12.75,-2.21,-4.96,,,,,
1930-10,-8.78,-0.12,-1.38,,,,,
1930-11,-3.04,2.23,-3.66,,,,,
1930-12,-7.83,-4.6,-5.25,,,,,
1931-01,6.24,3.45,7.12,,,,,
1931-02,10.88,3.59,1.92,,,,,
1931-03,-6.43,2.98,-3.44,,,,,
1931-04,-9.98,-4.45,-3.82,,,,,
1931-05,-13.24,5.35,-6.57,,,,,
1931-06,13.9,-5.32,11.29,,,,,
1931-07,-6.62,1.42,-2.11,,,,,
1931-08,0.41,-1.95,-1.47,,,,,
1931-09,-29.13,0.54,-6.77,,,,,
1931-10,8.04,-1.87,1.7,,,,,
1931-11,-9.08,4.31,-5.04,,,,,
1931-12,-13.53,-0.55,-8.85,,,,,
1932-01,-1.58,3.93,9.03,,,,,
1932-02,5.46,-2.78,-1.46,,,,,
1932-03,-11.21,2.27,-2.32,,,,,
1932-04,-17.96,1.45,1.43,,,,,
1932-05,-20.51,3.91,-2.98,,,,,
1932-06,-0.7,0.33,5.3,,,,,
1932-07,33.84,-4.59,35.61,,,,,
1932-08,37.06,13.41,34.24,,,,,
1932-09,-2.94,-2.08,-7.36,,,,,
1932-10,-13.17,-2.56,-10.33,,,,,
1932-11,-5.88,2.0,-13.11,,,,,
1932-12,4.4,-8.64,-7.72,,,,,
1933-01,1.25,0.63,6.36,,,,,
1933-02,-15.24,-2.58,-2.95,,,,,
1933-03,3.29,3.79,7.54,,,,,
1933-04,38.85,3.07,19.65,,,,,
1933-05,21.43,36.56,19.19,,,,,
1933-06,13.11,8.42,-1.78,,,,,
1933-07,-9.63,-1.05,3.27,,,,,
1933-08,12.05,-5.39,3.0,,,,,
1933-09,-10.65,-0.4,-11.74,,,,,
1933-10,-8.36,-0.2,-8.57,,,,,
1933-11,9.97,-6.47,2.32,,,,,
1933-12,1.83,0.63,-1.56,,,,,
1934-01,12.6,12.69,15.59,,,,,
1934-02,-2.5,5.1,2.0,,,,,
1934-03,0.09,2.51,-2.7,,,,,
1934-04,-1.79,2.73,-3.73,,,,,
1934-05,-7.25,-0.29,-5.89,,,,,
1934-06,2.64,-2.23,-2.96,,,,,
1934-07,-10.96,-6.95,-10.7,,,,,
1934-08,5.58,5.37,0.09,,,,,
1934-09,-0.23,-1.52,-1.2,,,,,
1934-10,-1.66,1.24,-5.08,,,,,
1934-11,8.33,6.48,-2.15,,,,,
1934-12,0.36,3.06,-3.14,,,,,
1935-01,-3.45,1.07,-1.9,,,,,
1935-02,-1.94,0.37,-7.44,,,,,
1935-03,-3.68,-3.59,-5.12,,,,,
1935-04,9.06,-1.47,4.47,,,,,
1935-05,3.47,-3.34,2.65,,,,,
1935-06,5.93,-2.57,-1.69,,,,,
1935-07,7.51,1.88,6.93,,,,,
1935-08,2.65,6.2,6.08,,,,,
1935-09,2.63,1.53,-4.07,,,,,
1935-10,7.03,2.72,-2.37,,,,,
1935-11,4.88,4.54,12.06,,,,,
1935-12,4.56,0.17,0.95,,,,,
1936-01,6.89,5.23,10.34,,,,,
1936-02,2.49,0.95,4.51,,,,,
1936-03,0.99,0.69,-1.44,,,,,
1936-04,-8.14,-6.06,-2.15,,,,,
1936-05,5.19,0.91,2.61,,,,,
1936-06,2.4,-3.2,-1.2,,,,,
1936-07,6.67,1.0,2.4,,,,,
1936-08,0.99,0.6,3.82,,,,,
1936-09,0.98,3.08,0.9,,,,,
1936-10,7.12,-2.43,2.47,,,,,
1936-11,3.27,8.77,-1.21,,,,,
1936-12,0.21,3.96,4.3,,,,,
1937-01,3.35,4.34,2.61,,,,,
1937-02,1.09,1.05,4.83,,,,,
1937-03,-0.27,-1.69,6.5,,,,,
1937-04,-7.36,-3.83,-3.66,,,,,
1937-05,-0.83,-0.68,-3.48,,,,,
1937-06,-4.21,-3.76,-3.33,,,,,
1937-07,8.91,0.89,0.81,,,,,
1937-08,-4.86,0.44,-2.25,,,,,
1937-09,-13.61,-6.98,-4.57,,,,,
1937-10,-9.61,0.41,-1.55,,,,,
1937-11,-8.31,-3.6,0.15,,,,,
1937-12,-4.24,-7.74,-0.4,,,,,
1938-01,0.49,4.84,-1.61,,,,,
1938-02,5.84,0.4,-2.02,,,,,
1938-03,-23.82,-4.34,-3.54,,,,,
1938-04,14.51,6.46,0.23,,,,,
1938-05,-3.83,-2.51,-0.27,,,,,
1938-06,23.87,4.3,0.32,,,,,
1938-07,7.34,6.64,2.2,,,,,
1938-08,-2.67,-2.45,-4.72,,,,,
1938-09,0.81,-2.73,-1.62,,,,,
1938-10,7.8,5.81,5.03,,,,,
1938-11,-1.72,-2.57,-1.22,,,,,
1938-12,4.19,-1.82,0.53,,,,,
1939-01,-5.96,-1.55,-3.94,,,,,
1939-02,3.51,0.63,2.95,,,,,
1939-03,-11.99,-4.75,-8.31,,,,,
1939-04,-0.18,1.67,-0.3,,,,,
1939-05,6.8,2.8,0.49,,,,,
1939-06,-5.31,-1.01,-5.42,,,,,
1939-07,10.24,4.32,-0.03,,,,,
1939-08,-6.68,-4.61,-2.42,,,,,
1939-09,16.88,20.24,22.22,,,,,
1939-10,-0.53,-0.01,-4.89,,,,,
1939-11,-3.62,-5.07,-6.46,,,,,
1939-12,3.03,0.79,-4.06,,,,,
1940-01,-2.41,0.21,-0.81,,,,,
1940-02,1.44,2.51,-0.33,,,,,
1940-03,2.05,1.25,-1.27,,,,,
1940-04,0.22,3.92,-0.13,,,,,
1940-05,-21.95,-6.66,-3.69,,,,,
1940-06,6.67,-2.13,4.62,,,,,
1940-07,3.16,1.01,-0.74,,,,,
1940-08,2.19,-0.11,0.56,,,,,
1940-09,2.39,3.22,-1.13,,,,,
1940-10,3.02,0.28,4.64,,,,,
1940-11,-1.61,1.94,0.12,,,,,
1940-12,0.69,-2.15,-0.89,,,,,
1941-01,-4.17,1.0,3.83,,,,,
1941-02,-1.43,-1.56,0.89,,,,,
1941-03,0.84,0.1,3.04,,,,,
1941-04,-5.46,-1.68,3.41,,,,,
1941-05,1.39,-0.65,0.6,,,,,
1941-06,5.83,1.32,0.59,,,,,
1941-07,5.87,5.71,7.25,,,,,
1941-08,-0.17,-0.42,-1.1,,,,,
1941-09,-0.87,-0.99,-0.28,,,,,
1941-10,-5.25,-2.02,1.63,,,,,
1941-11,-1.92,-1.21,-0.64,,,,,
1941-12,-4.87,-2.99,-5.94,,,,,
1942-01,0.79,7.53,10.1,,,,,
1942-02,-2.46,1.72,-1.13,,,,,
1942-03,-6.58,1.77,-0.62,,,,,
1942-04,-4.37,-0.6,2.09,,,,,
1942-05,5.94,-3.05,-2.65,,,,,
1942-06,2.69,-1.22,0.54,,,,,
1942-07,3.51,-0.15,2.4,,,,,
1942-08,1.8,-0.09,1.35,,,,,
1942-09,2.61,0.63,2.35,,,,,
1942-10,6.82,1.75,6.39,,,,,
1942-11,0.15,-1.5,-4.21,,,,,
1942-12,5.12,-2.51,0.58,,,,,
1943-01,7.13,8.8,8.18,,,,,
1943-02,6.15,4.75,6.4,,,,,
1943-03,6.01,4.99,5.48,,,,,
1943-04,0.81,2.05,5.82,,,,,
1943-05,5.74,4.35,3.25,,,,,
1943-06,1.82,-1.02,-0.7,,,,,
1943-07,-4.77,-2.39,-2.29,,,,,
1943-08,1.3,-0.6,-0.43,,,,,
1943-09,2.4,1.29,1.43,,,,,
1943-10,-1.15,0.58,1.64,,,,,
1943-11,-5.91,-1.65,-4.02,,,,,
1943-12,6.36,3.34,3.24,,,,,
1944-01,1.74,2.55,2.16,,,,,
1944-02,0.37,-0.1,0.84,,,,,
1944-03,2.46,1.73,3.43,,,,,
1944-04,-1.69,-1.37,-1.14,,,,,
1944-05,5.07,1.68,1.04,,,,,
1944-06,5.49,4.01,1.75,,,,,
1944-07,-1.49,0.58,-0.42,,,,,
1944-08,1.57,2.33,-1.49,,,,,
1944-09,0.01,0.49,-1.16,,,,,
1944-10,0.16,-0.15,-0.33,,,,,
1944-11,1.71,0.36,2.38,,,,,
1944-12,4.03,2.25,5.91,,,,,
1945-01,2.01,2.46,0.67,,,,,
1945-02,6.23,1.55,4.34,,,,,
1945-03,-3.89,-1.6,-1.74,,,,,
1945-04,7.8,0.32,3.24,,,,,
1945-05,1.73,1.52,0.36,,,,,
1945-06,0.39,3.12,4.21,,,,,
1945-07,-2.17,-1.52,-2.62,,,,,
1945-08,6.2,1.5,-4.27,,,,,
1945-09,4.77,1.7,0.42,,,,,
1945-10,3.89,2.38,2.13,,,,,
1945-11,5.39,4.31,3.96,,,,,
1945-12,1.2,2.1,-2.28,,,,,
1946-01,6.24,3.91,2.48,,,,,
1946-02,-5.83,-0.71,-1.46,,,,,
1946-03,5.87,0.29,-0.54,,,,,
1946-04,4.23,2.35,0.32,,,,,
1946-05,3.93,1.46,1.28,,,,,
1946-06,-3.89,-1.58,-0.39,,,,,
1946-07,-2.69,-2.07,0.07,,,,,
1946-08,-6.44,-1.84,0.55,,,,,
1946-09,-10.17,-4.4,-1.92,,,,,
1946-10,-1.44,0.1,3.46,,,,,
1946-11,-0.01,-0.44,1.47,,,,,
1946-12,4.96,0.08,-1.36,,,,,
1947-01,1.25,2.2,-0.73,,,,,
1947-02,-1.08,0.68,0.15,,,,,
1947-03,-1.67,-1.62,0.61,,,,,
1947-04,-4.8,-3.96,0.85,,,,,
1947-05,-0.97,-3.26,0.33,,,,,
1947-06,5.29,-0.3,-0.59,,,,,
1947-07,4.14,1.43,2.82,,,,,
1947-08,-1.74,0.32,0.18,,,,,
1947-09,-0.54,1.64,1.36,,,,,
1947-10,2.47,0.51,0.07,,,,,
1947-11,-1.97,-1.71,1.1,,,,,
1947-12,3.0,-2.46,3.71,,,,,
1948-01,-3.93,2.5,1.39,,,,,
1948-02,-4.38,-1.72,0.07,,,,,
1948-03,8.07,0.14,4.5,,,,,
1948-04,3.65,-1.65,4.11,,,,,
1948-05,7.3,0.91,-1.27,,,,,
1948-06,-0.1,-1.82,2.81,,,,,
1948-07,-5.09,-0.33,0.14,,,,,
1948-08,0.25,-1.11,0.28,,,,,
1948-09,-2.97,-1.23,-1.71,,,,,
1948-10,5.96,-1.5,0.58,,,,,
1948-11,-9.3,-0.6,-4.13,,,,,
1948-12,3.26,-2.82,-1.94,,,,,
1949-01,0.23,1.77,1.23,,,,,
1949-02,-2.93,-1.9,-0.86,,,,,
1949-03,4.04,2.5,1.29,,,,,
1949-04,-1.87,-0.89,-1.13,,,,,
1949-05,-2.94,-0.79,-2.37,,,,,
1949-06,0.1,-0.91,-1.65,,,,,
1949-07,5.54,0.55,0.37,,,,,
1949-08,2.6,0.2,-0.55,,,,,
1949-09,3.09,1.0,0.19,,,,,
1949-10,3.14,1.04,-0.48,,,,,
1949-11,1.82,-1.02,-0.96,,,,,
1949-12,5.13,2.06,1.77,,,,,
1950-01,1.7,3.33,0.12,,,,,
1950-02,1.48,0.03,-0.79,,,,,
1950-03,1.26,-1.44,-2.81,,,,,
1950-04,3.94,1.94,1.3,,,,,
1950-05,4.31,-2.1,0.46,,,,,
1950-06,-5.94,-2.34,-0.7,,,,,
1950-07,1.36,0.69,13.56,,,,,
1950-08,4.85,0.76,-1.5,,,,,
1950-09,4.81,0.49,-1.07,,,,,
1950-10,-0.18,-0.47,1.3,,,,,
1950-11,2.76,-0.89,3.33,,,,,
1950-12,5.54,1.47,7.36,,,,,
1951-01,5.7,1.76,3.64,,,,,
1951-02,1.41,0.08,-2.85,,,,,
1951-03,-2.15,-0.77,-4.1,,,,,
1951-04,4.86,-1.45,3.27,,,,,
1951-05,-2.34,0.0,-1.37,,,,,
1951-06,-2.62,-2.06,-3.75,,,,,
1951-07,6.94,-1.99,2.06,,,,,
1951-08,4.27,0.99,-0.13,,,,,
1951-09,0.7,1.87,0.63,,,,,
1951-10,-2.53,-0.22,0.23,,,,,
1951-11,0.57,-0.32,-0.06,,,,,
1951-12,3.33,-2.26,-1.59,,,,,
1952-01,1.45,-0.61,1.55,,,,,
1952-02,-2.62,0.82,-0.61,,,,,
1952-03,4.44,-2.99,2.17,,,,,
1952-04,-4.97,0.46,-0.1,,,,,
1952-05,3.2,-1.0,0.04,,,,,
1952-06,3.83,-1.64,1.24,,,,,
1952-07,0.91,-0.4,-0.35,,,,,
1952-08,-0.76,1.15,0.01,,,,,
1952-09,-2.03,1.11,-1.52,,,,,
1952-10,-0.66,-1.05,-0.46,,,,,
1952-11,5.94,-0.72,0.97,,,,,
1952-12,2.93,-1.48,0.19,,,,,
1953-01,-0.34,3.61,1.32,,,,,
1953-02,-0.27,2.15,-0.09,,,,,
1953-03,-1.43,-0.22,-0.85,,,,,
1953-04,-2.83,0.3,1.57,,,,,
1953-05,0.52,-0.07,0.23,,,,,
1953-06,-1.89,-1.87,-0.47,,,,,
1953-07,2.4,-1.0,-0.22,,,,,
1953-08,-4.52,0.29,-3.53,,,,,
1953-09,0.2,-0.84,-2.44,,,,,
1953-10,4.6,-1.35,-0.25,,,,,
1953-11,2.83,-1.3,-0.15,,,,,
1953-12,0.03,-0.85,-2.84,,,,,
1954-01,5.13,0.48,3.44,,,,,
1954-02,1.67,-0.19,-0.29,,,,,
1954-03,3.65,-0.54,-1.5,,,,,
1954-04,4.27,-3.44,-0.34,,,,,
1954-05,3.09,0.41,2.45,,,,,
1954-06,1.07,0.38,0.01,,,,,
1954-07,4.99,1.06,4.13,,,,,
1954-08,-2.34,2.69,-1.38,,,,,
1954-09,6.39,-2.53,0.68,,,,,
1954-10,-1.67,0.62,0.67,,,,,
1954-11,9.38,-2.62,4.4,,,,,
1954-12,5.48,2.12,5.66,,,,,
1955-01,0.6,0.36,2.14,,,,,
1955-02,3.02,1.59,0.58,,,,,
1955-03,-0.16,-0.74,1.97,,,,,
1955-04,3.11,-1.62,0.68,,,,,
1955-05,0.93,-0.28,-0.96,,,,,
1955-06,6.55,-4.65,1.84,,,,,
1955-07,1.9,-1.17,0.35,,,,,
1955-08,0.21,-0.44,0.72,,,,,
1955-09,-0.36,0.35,-0.99,,,,,
1955-10,-2.68,1.48,-0.15,,,,,
1955-11,7.03,-2.22,0.33,,,,,
1955-12,1.49,2.16,-2.3,,,,,
1956-01,-3.03,0.37,0.95,,,,,
1956-02,3.77,-0.98,-0.43,,,,,
1956-03,6.64,-2.09,-0.46,,,,,
1956-04,0.28,0.01,-0.24,,,,,
1956-05,-5.2,1.45,-1.31,,,,,
1956-06,3.48,-1.48,-1.13,,,,,
1956-07,4.84,-1.66,-0.04,,,,,
1956-08,-3.18,1.89,-0.74,,,,,
1956-09,-5.14,1.57,1.76,,,,,
1956-10,0.52,-0.1,-0.06,,,,,
1956-11,0.36,-0.21,1.78,,,,,
1956-12,3.16,-0.01,-2.15,,,,,
1957-01,-3.58,3.37,2.81,,,,,
1957-02,-2.06,-0.72,-0.72,,,,,
1957-03,2.13,0.26,-0.48,,,,,
1957-04,4.26,-1.59,-1.45,,,,,
1957-05,3.45,-1.05,-2.1,,,,,
1957-06,-0.74,0.54,0.01,,,,,
1957-07,0.66,-0.76,0.43,,,,,
1957-08,-5.11,0.05,-0.41,,,,,
1957-09,-5.98,0.08,0.92,,,,,
1957-10,-4.32,-2.52,-1.8,,,,,
1957-11,2.3,0.4,-2.87,,,,,
1957-12,-3.91,-0.98,-1.62,,,,,
1958-01,4.66,4.39,4.19,,,,,
1958-02,-1.52,0.65,0.33,,,,,
1958-03,3.27,0.65,-0.97,,,,,
1958-04,3.09,-0.62,1.61,,,,,
1958-05,2.31,2.16,-0.26,,,,,
1958-06,2.93,-0.19,0.4,,,,,
1958-07,4.39,0.47,3.06,,,,,
1958-08,1.91,1.18,0.36,,,,,
1958-09,4.66,0.12,2.85,,,,,
1958-10,2.53,1.09,-1.18,,,,,
1958-11,3.01,1.97,-1.18,,,,,
1958-12,5.15,-2.03,0.03,,,,,
1959-01,0.71,3.02,2.91,,,,,
1959-02,0.95,1.46,1.16,,,,,
1959-03,0.28,1.49,-0.34,,,,,
1959-04,3.66,-0.6,-1.23,,,,,
1959-05,1.73,-2.16,1.79,,,,,
1959-06,-0.25,0.67,1.31,,,,,
1959-07,3.17,-0.3,0.23,,,,,
1959-08,-1.39,-0.76,0.44,,,,,
1959-09,-4.8,-0.09,0.55,,,,,
1959-10,1.28,1.44,-2.1,,,,,
1959-11,1.6,1.23,-3.21,,,,,
1959-12,2.45,-0.58,-0.07,,,,,
1960-01,-6.98,2.09,2.78,,,,,
1960-02,1.17,0.51,-1.93,,,,,
1960-03,-1.63,-0.49,-2.94,,,,,
1960-04,-1.71,0.32,-2.28,,,,,
1960-05,3.12,1.21,-3.7,,,,,
1960-06,2.08,-0.21,-0.34,,,,,
1960-07,-2.37,-0.51,1.98,,,,,
1960-08,3.01,0.87,-0.18,,,,,
1960-09,-5.99,-1.11,1.62,,,,,
1960-10,-0.71,-4.08,2.83,,,,,
1960-11,4.69,0.4,-2.43,,,,,
1960-12,4.71,-1.55,-0.81,,,,,
1961-01,6.2,0.64,3.72,,,,,
1961-02,3.57,3.93,-0.66,,,,,
1961-03,2.89,3.3,-0.73,,,,,
1961-04,0.29,0.07,2.12,,,,,
1961-05,2.4,2.01,0.37,,,,,
1961-06,-3.08,-2.49,-0.14,,,,,
1961-07,2.83,-1.9,-0.09,,,,,
1961-08,2.57,-1.75,-0.28,,,,,
1961-09,-2.15,-1.07,-0.61,,,,,
1961-10,2.57,-1.65,0.15,,,,,
1961-11,4.45,1.26,-1.23,,,,,
1961-12,-0.18,-0.85,1.79,,,,,
1962-01,-3.87,1.77,5.13,,,,,
1962-02,1.81,-1.15,0.82,,,,,
1962-03,-0.68,0.52,-1.38,,,,,
1962-04,-6.59,-0.7,0.03,,,,,
1962-05,-8.65,-3.34,2.77,,,,,
1962-06,-8.47,-0.59,2.55,,,,,
1962-07,6.28,1.52,-3.41,,,,,
1962-08,2.13,1.22,-1.2,,,,,
1962-09,-5.22,-2.42,1.28,,,,,
1962-10,-0.05,-3.97,1.3,,,,,
1962-11,10.87,2.61,0.95,,,,,
1962-12,1.01,-3.8,0.36,,,,,
1963-01,4.93,3.08,2.21,,,,,
1963-02,-2.38,0.48,2.18,,,,,
1963-03,3.08,-2.59,2.06,,,,,
1963-04,4.51,-1.34,1.0,,,,,
1963-05,1.76,1.13,2.54,,,,,
1963-06,-2.0,-0.27,0.75,,,,,
1963-07,-0.39,-0.45,-0.97,-0.39,-0.41,-0.97,0.68,-1.18
1963-08,5.07,-0.98,1.8,5.07,-0.8,1.8,0.36,-0.35
1963-09,-1.57,-0.33,0.13,-1.57,-0.52,0.13,-0.71,0.29
1963-10,2.53,-0.58,-0.1,2.53,-1.39,-0.1,2.8,-2.01
1963-11,-0.85,-1.17,1.75,-0.85,-0.88,1.75,-0.51,2.24
1963-12,1.83,-2.16,-0.02,1.83,-2.1,-0.02,0.03,-0.07
1964-01,2.24,-0.11,1.48,2.24,0.13,1.48,0.17,1.47
1964-02,1.54,0.11,2.81,1.54,0.28,2.81,-0.05,0.91
1964-03,1.41,0.87,3.4,1.41,1.23,3.4,-2.21,3.22
1964-04,0.1,-1.35,-0.67,0.1,-1.52,-0.67,-1.27,-1.08
1964-05,1.42,-0.86,1.86,1.42,-0.63,1.86,-0.16,0.17
1964-06,1.27,-0.12,0.62,1.27,0.29,0.62,-0.28,-0.17
1964-07,1.74,0.24,0.75,1.74,0.5,0.75,0.08,1.91
1964-08,-1.44,0.16,0.08,-1.44,0.41,0.08,0.12,0.35
1964-09,2.69,-0.54,1.7,2.69,-0.34,1.7,-0.56,0.62
1964-10,0.59,0.42,1.17,0.59,0.87,1.17,-0.43,0.47
1964-11,0.0,0.69,-1.96,0.0,-0.15,-1.96,0.63,-0.26
1964-12,0.03,-0.35,-2.48,0.03,-0.69,-2.48,1.07,-1.5
1965-01,3.54,2.7,0.12,3.54,2.44,0.12,0.91,0.1
1965-02,0.44,3.55,0.11,0.44,3.31,0.11,0.23,-0.68
1965-03,-1.34,1.89,1.03,-1.34,2.12,1.03,-0.32,0.69
1965-04,3.11,1.1,0.66,3.11,1.05,0.66,0.3,-2.2
1965-05,-0.77,0.11,-1.61,-0.77,0.1,-1.61,-0.45,0.53
1965-06,-5.51,-4.34,0.59,-5.51,-4.28,0.59,0.22,0.37
1965-07,1.43,0.89,2.2,1.43,1.08,2.2,-1.37,0.03
1965-08,2.73,2.84,-1.0,2.73,2.71,-1.0,1.9,-0.74
1965-09,2.86,0.64,-0.13,2.86,0.62,-0.13,-0.89,0.8
1965-10,2.6,2.52,1.56,2.6,3.47,1.56,1.17,-0.65
1965-11,-0.03,4.68,0.15,-0.03,5.19,0.15,-1.01,-0.94
1965-12,1.01,2.06,2.03,1.01,2.66,2.03,-1.14,-0.53
1966-01,0.72,3.84,3.56,0.72,4.68,3.56,-2.82,-0.11
1966-02,-1.21,4.4,0.33,-1.21,4.71,0.33,-0.17,-1.49
1966-03,-2.51,0.99,-1.98,-2.51,0.32,-1.98,1.3,0.06
1966-04,2.14,3.43,-0.46,2.14,3.35,-0.46,0.39,-0.95
1966-05,-5.66,-4.6,-1.63,-5.66,-5.1,-1.63,1.64,-1.52
1966-06,-1.44,1.03,0.5,-1.44,1.37,0.5,0.15,0.78
1966-07,-1.63,-0.36,0.95,-1.63,-0.41,0.95,-0.36,1.79
1966-08,-7.91,-3.27,0.43,-7.91,-3.12,0.43,-0.09,0.8
1966-09,-1.06,-1.04,0.56,-1.06,-1.14,0.56,-1.68,2.37
1966-10,3.86,-6.52,2.69,3.86,-6.45,2.69,-3.48,4.25
1966-11,1.4,4.24,-4.69,1.4,3.34,-4.69,4.13,-6.62
1966-12,0.13,1.97,-1.19,0.13,2.02,-1.19,0.7,-0.34
1967-01,8.15,8.32,2.27,8.15,9.1,2.27,0.96,-3.16
1967-02,0.78,3.35,-2.22,0.78,3.06,-2.22,1.99,-0.99
1967-03,3.99,1.55,0.37,3.99,1.87,0.37,0.86,-1.6
1967-04,3.89,0.63,-2.48,3.89,0.43,-2.48,2.33,-3.67
1967-05,-4.33,1.9,1.09,-4.33,2.29,1.09,-1.73,1.73
1967-06,2.41,5.93,0.85,2.41,6.43,0.85,-0.62,-2.42
1967-07,4.58,3.12,2.73,4.58,3.54,2.73,0.48,2.7
1967-08,-0.89,0.42,1.44,-0.89,0.72,1.44,0.3,1.45
1967-09,3.11,3.06,-2.5,3.11,2.44,-2.5,0.2,-0.95
1967-10,-3.09,1.46,-3.3,-3.09,0.53,-3.3,1.01,-2.62
1967-11,0.37,0.21,-1.7,0.37,-0.04,-1.7,1.34,-2.34
1967-12,3.05,5.73,-0.53,3.05,5.75,-0.53,-0.81,0.13
1968-01,-4.06,3.92,4.8,-4.06,4.51,4.8,-4.62,6.46
1968-02,-3.75,-2.94,1.28,-3.75,-2.91,1.28,-0.16,2.45
1968-03,0.2,-1.34,-0.59,0.2,-1.59,-0.59,1.05,-1.1
1968-04,9.05,5.68,-1.13,9.05,6.18,-1.13,2.69,-3.65
1968-05,2.28,6.4,0.85,2.28,7.0,0.85,0.43,-1.92
1968-06,0.69,-0.19,0.73,0.69,-0.28,0.73,-1.41,2.76
1968-07,-2.72,-1.36,5.39,-2.72,-1.41,5.39,-3.13,3.72
1968-08,1.34,2.34,1.01,1.34,2.27,1.01,-0.7,0.48
1968-09,4.03,2.8,0.3,4.03,2.81,0.3,-1.99,0.87
1968-10,0.42,-0.48,2.86,0.42,-0.42,2.86,-1.32,2.7
1968-11,5.43,2.34,-0.92,5.43,2.39,-0.92,0.43,-2.43
1968-12,-3.94,3.37,-0.01,-3.94,3.52,-0.01,-1.86,1.76
1969-01,-1.25,-0.74,1.67,-1.25,-0.44,1.67,-1.55,1.38
1969-02,-5.84,-3.92,0.91,-5.84,-4.16,0.91,2.07,0.83
1969-03,2.64,-0.3,-0.51,2.64,-0.45,-0.51,-1.43,-0.35
1969-04,1.46,-0.86,-0.03,1.46,-0.8,-0.03,0.41,0.06
1969-05,-0.1,-0.21,0.7,-0.1,-0.11,0.7,-0.95,1.39
1969-06,-7.18,-5.37,-1.08,-7.18,-5.45,-1.08,4.32,-1.6
1969-07,-7.0,-3.24,1.2,-7.0,-3.41,1.2,1.48,1.91
1969-08,4.68,0.93,-3.79,4.68,0.7,-3.79,1.13,-4.02
1969-09,-2.98,1.18,-3.27,-2.98,1.29,-3.27,3.39,-0.82
1969-10,5.06,3.91,-3.16,5.06,3.96,-3.16,0.05,-2.15
1969-11,-3.79,-2.58,-1.19,-3.79,-2.45,-1.19,1.46,0.3
1969-12,-2.63,-3.71,-2.86,-2.63,-3.76,-2.86,2.54,-1.81
1970-01,-8.1,2.93,3.13,-8.1,3.12,3.13,-1.72,3.84
1970-02,5.13,-2.58,3.93,5.13,-2.76,3.93,-2.29,2.76
1970-03,-1.06,-2.32,3.99,-1.06,-2.41,3.99,-1.0,4.29
1970-04,-11.0,-6.15,6.18,-11.0,-6.4,6.18,-0.64,6.21
1970-05,-6.92,-4.59,3.33,-6.92,-4.48,3.33,-1.21,3.9
1970-06,-5.79,-2.13,0.6,-5.79,-2.2,0.6,0.13,2.96
1970-07,6.93,-0.5,0.9,6.93,-0.62,0.9,-0.26,1.84
1970-08,4.49,1.52,1.15,4.49,1.52,1.15,0.56,-0.21
1970-09,4.18,8.59,-5.47,4.18,8.51,-5.47,0.3,-5.83
1970-10,-2.28,-4.21,0.22,-2.28,-4.43,0.22,1.71,2.34
1970-11,4.6,-3.94,1.69,4.6,-3.86,1.69,1.57,1.47
1970-12,5.72,2.92,1.0,5.72,2.94,1.0,0.27,0.3
1971-01,4.84,7.36,1.33,4.84,7.54,1.33,-1.99,0.07
1971-02,1.41,1.86,-1.23,1.41,2.04,-1.23,0.62,-0.7
1971-03,4.13,2.62,-3.95,4.13,2.26,-3.95,1.82,-2.71
1971-04,3.15,-0.49,0.69,3.15,-0.36,0.69,-1.47,0.87
1971-05,-3.98,-1.04,-1.44,-3.98,-1.11,-1.44,1.4,0.25
1971-06,-0.1,-1.47,-1.87,-0.1,-1.48,-1.87,1.53,-1.64
1971-07,-4.5,-1.48,0.02,-4.5,-1.39,0.02,0.64,1.46
1971-08,3.79,-0.17,2.63,3.79,-0.16,2.63,-0.43,2.64
1971-09,-0.85,0.51,-2.91,-0.85,0.28,-2.91,2.56,-1.58
1971-10,-4.42,-1.76,-0.48,-4.42,-1.6,-0.48,1.62,-1.35
1971-11,-0.46,-2.77,-1.68,-0.46,-2.86,-1.68,2.44,-0.34
1971-12,8.71,3.29,-0.4,8.71,3.27,-0.4,-0.4,-1.75
1972-01,2.49,5.85,2.24,2.49,6.1,2.24,-1.69,0.55
1972-02,2.87,1.3,-2.79,2.87,0.87,-2.79,1.61,-0.52
1972-03,0.63,-0.24,-1.61,0.63,-0.43,-1.61,1.63,-0.18
1972-04,0.29,0.11,0.12,0.29,0.23,0.12,-0.42,-1.03
1972-05,1.25,-2.69,-2.7,1.25,-3.1,-2.7,2.34,-1.95
1972-06,-2.43,0.27,-2.48,-2.43,-0.43,-2.48,1.88,-0.36
1972-07,-0.8,-2.87,0.66,-0.8,-2.77,0.66,1.14,-0.66
1972-08,3.26,-4.03,4.54,3.26,-3.48,4.54,-1.96,2.85
1972-09,-1.14,-2.65,0.46,-1.14,-2.23,0.46,1.68,-1.97
1972-10,0.52,-2.73,1.34,0.52,-2.54,1.34,-0.15,0.02
1972-11,4.6,-1.2,4.85,4.6,-0.62,4.85,-1.95,3.37
1972-12,0.62,-1.95,-2.19,0.62,-1.89,-2.19,2.6,-2.16
1973-01,-3.29,-3.49,2.68,-3.29,-2.81,2.68,0.42,0.9
1973-02,-4.85,-3.87,1.6,-4.85,-3.91,1.6,-0.26,0.02
1973-03,-1.3,-2.82,2.62,-1.3,-2.33,2.62,-1.07,0.62
1973-04,-5.68,-3.85,5.41,-5.68,-2.9,5.41,-1.58,2.6
1973-05,-2.94,-6.3,0.41,-2.94,-6.17,0.41,1.95,-1.57
1973-06,-1.57,-2.86,1.2,-1.57,-2.48,1.2,-0.21,0.11
1973-07,5.05,7.97,-5.31,5.05,7.26,-5.31,-0.05,-3.28
1973-08,-3.82,-2.13,1.24,-3.82,-1.84,1.24,-1.31,1.3
1973-09,4.75,3.04,2.01,4.75,3.6,2.01,-2.33,1.77
1973-10,-0.83,-0.45,1.94,-0.83,-0.38,1.94,-1.9,2.71
1973-11,-12.75,-7.67,3.87,-12.75,-7.28,3.87,-2.63,1.73
1973-12,0.61,-5.35,3.85,0.61,-4.69,3.85,-2.78,2.48
1974-01,-0.17,9.68,6.02,-0.17,10.41,6.02,-3.07,4.42
1974-02,-0.47,-0.18,2.81,-0.47,0.06,2.81,-1.87,2.63
1974-03,-2.81,2.6,-0.32,-2.81,2.65,-0.32,2.8,0.44
1974-04,-5.29,-0.74,0.85,-5.29,-0.7,0.85,2.87,2.09
1974-05,-4.68,-2.96,-2.02,-4.68,-3.07,-2.02,4.95,-0.42
1974-06,-2.83,-0.17,0.77,-2.83,0.0,0.77,0.57,2.94
1974-07,-8.05,0.84,5.16,-8.05,1.92,5.16,-3.25,4.6
1974-08,-9.35,-0.73,2.64,-9.35,0.26,2.64,-0.28,2.59
1974-09,-11.77,0.27,5.58,-11.77,1.48,5.58,-4.44,5.91
1974-10,16.1,-3.46,-9.87,16.1,-6.82,-9.87,-0.21,-2.86
1974-11,-4.51,-1.21,-0.2,-4.51,-1.48,-0.2,-3.37,2.92
1974-12,-3.45,-4.83,0.11,-3.45,-4.35,0.11,-0.68,3.25
1975-01,13.66,11.14,8.28,13.66,12.91,8.28,-0.78,-0.9
1975-02,5.56,0.16,-4.44,5.56,-0.65,-4.44,1.16,-2.1
1975-03,2.66,3.78,2.38,2.66,4.0,2.38,1.26,-1.33
1975-04,4.23,-0.65,-1.14,4.23,-0.71,-1.14,1.41,-1.34
1975-05,5.19,3.83,-4.1,5.19,2.89,-4.1,-0.98,-0.6
1975-06,4.83,0.87,1.38,4.83,1.43,1.38,-2.66,1.06
1975-07,-6.59,2.7,1.69,-6.59,3.44,1.69,0.46,1.22
1975-08,-2.85,-3.25,-0.95,-2.85,-2.84,-0.95,1.11,-0.93
1975-09,-4.26,-0.1,0.39,-4.26,0.05,0.39,0.53,0.55
1975-10,5.31,-4.03,0.28,5.31,-4.23,0.28,-0.49,2.26
1975-11,2.64,-1.2,2.03,2.64,-1.09,2.03,-0.68,1.75
1975-12,-1.6,-0.78,1.69,-1.6,-0.05,1.69,-0.09,0.57
1976-01,12.16,4.81,8.63,12.16,6.34,8.63,-1.79,2.28
1976-02,0.32,7.06,5.87,0.32,7.99,5.87,-2.64,3.87
1976-03,2.32,-1.16,-0.12,2.32,-1.38,-0.12,-0.33,0.96
1976-04,-1.49,-0.11,-0.16,-1.49,0.08,-0.16,0.4,-1.1
1976-05,-1.34,-1.23,-1.36,-1.34,-1.1,-1.36,2.46,-1.41
1976-06,4.05,-1.32,0.71,4.05,-1.07,0.71,-0.68,1.02
1976-07,-1.07,0.29,1.73,-1.07,0.63,1.73,-1.05,0.28
1976-08,-0.56,-2.0,0.81,-0.56,-1.98,0.81,-0.42,-0.55
1976-09,2.07,-0.02,-0.29,2.07,0.1,-0.29,0.98,-1.15
1976-10,-2.42,0.22,-0.18,-2.42,0.13,-0.18,-0.19,-0.37
1976-11,0.36,2.32,1.51,0.36,2.66,1.51,-1.41,0.09
1976-12,5.65,3.03,2.27,5.65,3.64,2.27,-0.61,2.28
1977-01,-4.05,4.76,4.27,-4.05,5.9,4.27,-0.51,1.97
1977-02,-1.94,1.04,0.47,-1.94,1.07,0.47,-0.16,-0.22
1977-03,-1.37,1.0,1.09,-1.37,1.31,1.09,-0.3,-0.06
1977-04,0.15,-0.12,3.38,0.15,0.61,3.38,-2.01,1.14
1977-05,-1.45,1.18,0.85,-1.45,1.31,0.85,0.33,0.19
1977-06,4.71,2.09,-0.74,4.71,2.08,-0.74,0.91,-1.2
1977-07,-1.69,2.16,-0.56,-1.69,1.88,-0.56,0.73,0.09
1977-08,-1.75,1.48,-2.7,-1.75,0.86,-2.7,0.98,-0.66
1977-09,-0.27,1.34,-0.52,-0.27,1.43,-0.52,1.43,-0.84
1977-10,-4.38,1.25,1.75,-4.38,1.48,1.75,-0.2,-0.3
1977-11,4.0,3.73,0.26,4.0,3.64,0.26,-0.13,0.73
1977-12,0.27,1.32,-0.29,0.27,1.59,-0.29,0.92,-0.69
1978-01,-6.01,2.24,3.36,-6.01,2.72,3.36,-1.72,1.52
1978-02,-1.38,3.59,0.83,-1.38,3.7,0.83,0.3,1.01
1978-03,2.85,3.49,1.18,2.85,3.71,1.18,-0.59,1.89
1978-04,7.88,0.45,-3.54,7.88,-0.26,-3.54,2.81,-1.26
1978-05,1.76,4.56,-0.52,1.76,4.58,-0.52,0.22,0.41
1978-06,-1.69,1.66,0.57,-1.69,1.56,0.57,-1.4,-0.07
1978-07,5.11,0.23,-1.15,5.11,0.12,-1.15,1.55,-0.78
1978-08,3.75,5.06,-0.51,3.75,4.95,-0.51,1.43,0.46
1978-09,-1.43,-0.43,1.89,-1.43,-0.32,1.89,-0.67,1.78
1978-10,-11.91,-9.86,1.38,-11.91,-10.02,1.38,0.12,0.94
1978-11,2.71,2.97,-2.15,2.71,2.81,-2.15,1.13,-1.17
1978-12,0.88,1.29,-2.13,0.88,1.13,-2.13,2.01,-1.32
1979-01,4.23,3.62,2.19,4.23,3.78,2.19,-2.47,1.52
1979-02,-3.56,0.45,1.17,-3.56,0.54,1.17,-1.12,0.94
1979-03,5.68,3.26,-0.71,5.68,3.24,-0.71,0.53,0.32
1979-04,-0.06,2.15,1.12,-0.06,2.37,1.12,1.08,0.17
1979-05,-2.21,0.21,1.31,-2.21,0.18,1.31,-1.54,-0.27
1979-06,3.85,1.17,1.44,3.85,1.0,1.44,-1.66,-0.52
1979-07,0.82,1.28,1.86,0.82,1.27,1.86,-0.29,0.71
1979-08,5.53,2.05,-1.58,5.53,1.92,-1.58,1.62,-1.48
1979-09,-0.82,-0.27,-0.9,-0.82,-0.32,-0.9,1.01,0.32
1979-10,-8.1,-3.37,-1.84,-8.1,-3.5,-1.84,1.01,0.07
1979-11,5.21,2.87,-3.29,5.21,2.53,-3.29,0.06,-2.12
1979-12,1.79,4.17,-2.1,1.79,4.32,-2.1,-0.7,-0.92
1980-01,5.51,1.62,1.75,5.51,1.83,1.75,-1.7,1.64
1980-02,-1.22,-1.85,0.61,-1.22,-1.57,0.61,0.04,2.68
1980-03,-12.9,-6.64,-1.01,-12.9,-6.93,-1.01,1.46,-1.19
1980-04,3.97,1.05,1.06,3.97,1.05,1.06,-2.1,0.29
1980-05,5.26,2.13,0.38,5.26,2.11,0.38,0.34,-0.31
1980-06,3.06,1.66,-0.76,3.06,1.41,-0.76,-0.15,-1.26
1980-07,6.49,4.14,-6.41,6.49,3.82,-6.41,4.06,-2.43
1980-08,1.8,3.92,-2.6,1.8,4.25,-2.6,2.06,-0.86
1980-09,2.19,0.98,-4.59,2.19,0.67,-4.59,1.91,-2.76
1980-10,1.06,2.47,-2.76,1.06,2.33,-2.76,1.65,-1.15
1980-11,9.59,-3.36,-8.33,9.59,-3.31,-8.33,4.5,-5.66
1980-12,-4.52,-0.26,2.79,-4.52,-0.29,2.79,-1.29,1.24
1981-01,-5.04,2.92,6.72,-5.04,3.29,6.72,-3.51,4.33
1981-02,0.57,-0.34,1.02,0.57,-0.5,1.02,0.21,2.22
1981-03,3.56,3.54,0.64,3.56,3.02,0.64,-2.24,-0.54
1981-04,-2.11,4.4,2.28,-2.11,4.59,2.28,0.83,1.24
1981-05,0.11,2.0,-0.42,0.11,2.45,-0.42,0.3,-1.53
1981-06,-2.36,-0.83,5.13,-2.36,-0.96,5.13,-1.37,2.66
1981-07,-1.54,-2.19,-0.5,-1.54,-2.05,-0.5,1.26,-2.54
1981-08,-7.04,-1.95,4.76,-7.04,-1.81,4.76,-0.32,1.41
1981-09,-7.17,-2.65,5.17,-7.17,-2.45,5.17,0.08,2.63
1981-10,4.92,2.23,-4.21,4.92,2.37,-4.21,3.15,-3.01
1981-11,3.36,-1.03,1.83,3.36,-1.51,1.83,0.08,0.95
1981-12,-3.65,1.2,0.81,-3.65,1.2,0.81,0.22,2.5
1982-01,-3.24,-1.28,3.19,-3.24,-1.14,3.19,-1.49,1.92
1982-02,-5.86,0.44,6.05,-5.86,0.35,6.05,-3.48,4.56
1982-03,-1.87,-0.21,3.81,-1.87,-0.05,3.81,-1.38,2.49
1982-04,3.27,1.47,-2.7,3.27,1.09,-2.7,1.57,-0.01
1982-05,-3.99,0.52,1.75,-3.99,0.64,1.75,0.87,-0.3
1982-06,-3.09,-0.4,1.53,-3.09,-0.52,1.53,0.01,2.72
1982-07,-3.19,0.83,0.09,-3.19,0.95,0.09,1.04,1.55
1982-08,11.14,-4.14,0.95,11.14,-4.35,0.95,-1.89,0.09
1982-09,1.29,2.95,0.28,1.29,2.61,0.28,2.14,-0.04
1982-10,11.3,2.34,-3.66,11.3,1.92,-3.66,0.29,-0.34
1982-11,4.67,4.67,-1.87,4.67,4.43,-1.87,-0.97,0.27
1982-12,0.55,-0.22,-0.02,0.55,-0.04,-0.02,-0.01,1.02
1983-01,3.6,2.73,-0.75,3.6,3.35,-0.75,-1.55,-0.58
1983-02,2.59,3.27,0.7,2.59,2.92,0.7,-0.52,1.05
1983-03,2.82,1.73,2.02,2.82,1.37,2.02,-0.17,2.74
1983-04,6.67,0.5,0.49,6.67,0.48,0.49,-0.11,1.42
1983-05,0.52,6.24,-1.4,0.52,6.3,-1.4,-1.84,-1.51
1983-06,3.07,0.95,-3.9,3.07,1.18,-3.9,2.6,-0.87
1983-07,-4.07,1.5,5.62,-4.07,1.01,5.62,-0.14,2.81
1983-08,-0.5,-4.28,5.54,-0.5,-4.32,5.54,0.51,1.9
1983-09,0.91,0.61,1.01,0.91,0.3,1.01,1.24,0.5
1983-10,-3.44,-3.57,4.97,-3.44,-3.77,4.97,-0.77,2.96
1983-11,2.16,2.01,-0.72,2.16,1.87,-0.72,-0.67,0.66
1983-12,-1.78,-0.27,1.73,-1.78,-0.45,1.73,1.64,1.27
1984-01,-1.92,-0.38,7.58,-1.92,-0.04,7.58,-0.89,2.92
1984-02,-4.82,-1.69,3.33,-4.82,-1.59,3.33,0.9,1.58
1984-03,0.63,0.07,0.46,0.63,-0.29,0.46,-0.96,1.17
1984-04,-0.51,-1.16,1.2,-0.51,-0.95,1.2,3.34,0.76
1984-05,-5.97,0.06,0.31,-5.97,0.13,0.31,2.36,-0.46
1984-06,1.82,-0.3,-2.66,1.82,0.11,-2.66,3.17,-1.56
1984-07,-2.74,-2.21,0.36,-2.74,-2.22,0.36,3.55,-2.15
1984-08,10.28,-0.24,-1.82,10.28,-0.26,-1.82,-0.68,-0.92
1984-09,-0.8,0.17,5.28,-0.8,-0.03,5.28,1.37,2.41
1984-10,-0.84,-1.23,0.45,-0.84,-1.44,0.45,1.18,-1.09
1984-11,-1.76,-0.65,4.06,-1.76,-1.02,4.06,0.72,2.06
1984-12,1.84,-0.56,-0.26,1.84,-0.65,-0.26,1.31,-1.36
1985-01,7.99,3.31,-5.35,7.99,3.51,-5.35,-0.89,-3.41
1985-02,1.22,0.79,-0.1,1.22,1.04,-0.1,1.29,1.06
1985-03,-0.84,-1.08,4.07,-0.84,-1.39,4.07,1.23,2.88
1985-04,-0.96,0.14,3.72,-0.96,-0.1,3.72,1.55,0.71
1985-05,5.09,-2.22,-0.96,5.09,-2.31,-0.96,1.33,-1.49
1985-06,1.27,0.52,0.38,1.27,0.35,0.38,1.76,-0.77
1985-07,-0.74,2.84,-1.62,-0.74,2.87,-1.62,-0.42,-0.38
1985-08,-1.02,-0.3,2.32,-1.02,-0.29,2.32,-0.1,1.83
1985-09,-4.54,-1.59,1.29,-4.54,-1.8,1.29,1.14,1.64
1985-10,4.02,-1.51,0.75,4.02,-1.5,0.75,0.89,-1.06
1985-11,6.48,0.25,-2.85,6.48,0.02,-2.85,0.33,-2.32
1985-12,3.88,-0.51,-1.54,3.88,-0.41,-1.54,0.99,-1.8
1986-01,0.65,1.21,0.44,0.65,1.01,0.44,-2.0,-2.03
1986-02,7.13,-0.54,-0.72,7.13,-0.71,-0.72,1.06,-1.2
1986-03,4.88,-0.59,-0.39,4.88,-0.66,-0.39,1.21,0.92
1986-04,-1.31,2.78,-2.87,-1.31,2.84,-2.87,2.91,0.03
1986-05,4.62,-1.35,-0.21,4.62,-1.29,-0.21,2.13,1.08
1986-06,1.03,-0.96,1.28,1.03,-0.89,1.28,1.8,0.87
1986-07,-6.45,-3.36,4.7,-6.45,-3.46,4.7,-0.54,0.84
1986-08,6.07,-4.17,3.51,6.07,-4.35,3.51,-1.66,3.21
1986-09,-8.6,2.36,3.22,-8.6,2.05,3.22,-0.08,3.71
1986-10,4.66,-2.5,-1.42,4.66,-2.33,-1.42,-0.05,1.0
1986-11,1.17,-1.91,-0.07,1.17,-1.88,-0.07,1.09,0.67
1986-12,-3.27,0.13,0.36,-3.27,0.12,0.36,0.79,0.09
1987-01,12.47,-1.81,-3.16,12.47,-1.54,-3.16,0.17,-1.0
1987-02,4.39,3.49,-5.91,4.39,3.4,-5.91,-0.76,-2.66
1987-03,1.64,0.45,1.61,1.64,0.28,1.61,1.36,4.14
1987-04,-2.11,-1.69,-0.39,-2.11,-1.54,-0.39,-0.49,1.05
1987-05,0.11,-0.5,0.23,0.11,-0.56,0.23,0.51,1.14
1987-06,3.94,-2.12,1.04,3.94,-2.21,1.04,1.7,0.84
1987-07,3.85,-0.69,0.68,3.85,-1.14,0.68,-0.61,1.61
1987-08,3.52,-0.77,-0.93,3.52,-0.94,-0.93,2.04,-1.61
1987-09,-2.59,0.54,0.27,-2.59,0.38,0.27,-0.97,1.87
1987-10,-23.24,-8.43,4.24,-23.24,-8.07,4.24,2.04,2.34
1987-11,-7.77,2.72,2.95,-7.77,2.85,2.95,-1.88,0.68
1987-12,6.81,0.13,-4.43,6.81,0.06,-4.43,2.96,-2.42
1988-01,4.21,-0.72,5.01,4.21,-0.51,5.01,-1.14,2.13
1988-02,4.75,3.34,-1.71,4.75,3.32,-1.71,1.56,-0.01
1988-03,-2.27,6.15,0.73,-2.27,6.25,0.73,-0.25,1.8
1988-04,0.56,1.0,1.67,0.56,1.16,1.67,-0.2,1.92
1988-05,-0.29,-2.6,2.42,-0.29,-2.56,2.42,-0.74,0.33
1988-06,4.79,2.11,-1.24,4.79,2.16,-1.24,1.47,-3.37
1988-07,-1.25,-0.25,2.22,-1.25,-0.21,2.22,-0.58,1.52
1988-08,-3.31,0.04,2.15,-3.31,-0.03,2.15,-0.82,1.76
1988-09,3.3,-1.31,-0.75,3.3,-1.36,-0.75,1.76,-0.61
1988-10,1.15,-2.93,2.05,1.15,-2.95,2.05,1.3,1.03
1988-11,-2.29,-1.72,1.41,-2.29,-1.65,1.41,-0.28,1.62
1988-12,1.49,1.95,-1.69,1.49,2.01,-1.69,0.69,-0.38
1989-01,6.1,-2.23,0.6,6.1,-2.31,0.6,-0.95,0.14
1989-02,-2.25,2.82,1.01,-2.25,2.71,1.01,-0.87,1.81
1989-03,1.57,0.67,0.58,1.57,0.68,0.58,0.05,0.72
1989-04,4.33,-0.68,-1.42,4.33,-0.78,-1.42,0.71,-0.57
1989-05,3.35,-0.05,-0.88,3.35,-0.01,-0.88,0.49,-0.08
1989-06,-1.35,-1.02,2.25,-1.35,-1.09,2.25,0.27,1.56
1989-07,7.2,-4.14,-2.79,7.2,-4.15,-2.79,1.98,-0.58
1989-08,1.44,0.56,0.6,1.44,0.48,0.6,0.39,-0.58
1989-09,-0.76,0.32,-1.27,-0.76,0.49,-1.27,1.4,0.5
1989-10,-3.67,-3.23,-1.11,-3.67,-3.3,-1.11,0.11,-0.04
1989-11,1.03,-1.24,-1.09,1.03,-1.29,-1.09,-0.86,1.41
1989-12,1.16,-2.36,0.16,1.16,-2.27,0.16,-0.07,1.42
1990-01,-7.85,-1.24,0.85,-7.85,-1.31,0.85,-1.17,1.35
1990-02,1.11,0.99,0.64,1.11,1.17,0.64,-0.03,-0.66
1990-03,1.83,1.5,-2.92,1.83,1.62,-2.92,2.04,-1.02
1990-04,-3.36,-0.46,-2.59,-3.36,-0.33,-2.59,1.78,-0.98
1990-05,8.42,-2.53,-3.83,8.42,-2.35,-3.83,1.57,-1.68
1990-06,-1.09,1.4,-1.93,-1.09,1.35,-1.93,-1.03,-0.39
1990-07,-1.9,-3.12,-0.03,-1.9,-3.16,-0.03,-0.18,3.21
1990-08,-10.15,-3.57,1.64,-10.15,-3.87,1.64,-0.35,2.96
1990-09,-6.12,-3.65,0.64,-6.12,-3.74,0.64,0.06,3.67
1990-10,-1.92,-5.57,0.1,-1.92,-5.12,0.1,2.97,-0.3
1990-11,6.35,0.43,-3.1,6.35,0.07,-3.1,0.65,-4.74
1990-12,2.46,0.81,-1.7,2.46,0.67,-1.7,2.73,-1.89
1991-01,4.69,3.81,-1.6,4.69,3.91,-1.6,1.28,-3.99
1991-02,7.19,3.95,-0.58,7.19,3.94,-0.58,-0.2,-0.33
1991-03,2.65,3.93,-1.39,2.65,3.83,-1.39,-0.53,-1.06
1991-04,-0.28,0.48,1.5,-0.28,0.31,1.5,0.62,0.74
1991-05,3.65,-0.4,-0.52,3.65,0.14,-0.52,2.0,-2.43
1991-06,-4.94,0.13,1.15,-4.94,0.24,1.15,1.79,0.65
1991-07,4.24,-0.92,-1.32,4.24,-0.96,-1.32,1.6,-1.36
1991-08,2.32,1.58,-0.78,2.32,1.4,-0.78,0.84,-0.34
1991-09,-1.59,1.64,-1.08,-1.59,1.56,-1.08,-1.82,0.08
1991-10,1.29,0.81,-0.47,1.29,0.91,-0.47,-1.7,-0.23
1991-11,-4.19,-0.5,-1.89,-4.19,-0.83,-1.89,1.11,0.01
1991-12,10.84,-2.24,-4.17,10.84,-2.4,-4.17,3.55,-3.12
1992-01,-0.59,8.46,4.71,-0.59,9.18,4.71,-1.32,3.2
1992-02,1.09,0.87,6.47,1.09,1.33,6.47,0.08,2.19
1992-03,-2.66,-1.04,3.56,-2.66,-0.93,3.56,-0.01,1.95
1992-04,1.07,-6.06,4.34,1.07,-5.7,4.34,1.69,2.23
1992-05,0.3,0.41,1.19,0.3,0.21,1.19,-0.95,0.48
1992-06,-2.34,-3.07,3.24,-2.34,-2.73,3.24,-0.05,1.01
1992-07,3.77,-0.47,-0.56,3.77,-0.62,-0.56,1.3,-0.91
1992-08,-2.38,-0.13,-1.1,-2.38,-0.42,-1.1,3.72,-1.65
1992-09,1.19,0.54,-0.26,1.19,0.48,-0.26,1.64,-0.59
1992-10,1.02,2.09,-1.98,1.02,2.07,-1.98,1.24,-0.79
1992-11,4.13,3.76,-1.35,4.13,3.94,-1.35,-0.68,-1.59
1992-12,1.53,1.69,2.62,1.53,1.68,2.62,-0.48,0.84
1993-01,0.93,1.89,5.94,0.93,1.93,5.94,-1.84,2.91
1993-02,0.12,-3.48,6.42,0.12,-3.45,6.42,-0.42,4.13
1993-03,2.3,0.24,1.18,2.3,0.09,1.18,-0.15,0.9
1993-04,-3.05,-0.67,2.49,-3.05,-0.85,2.49,-3.61,1.38
1993-05,2.89,2.04,-3.42,2.89,1.9,-3.42,-0.12,-1.04
1993-06,0.31,-0.29,2.75,0.31,0.13,2.75,-0.92,1.21
1993-07,-0.34,0.96,2.85,-0.34,0.95,2.85,-1.87,2.06
1993-08,3.71,0.13,0.13,3.71,0.1,0.13,-1.54,-0.04
1993-09,-0.12,3.04,-0.31,-0.12,2.98,-0.31,0.24,-0.16
1993-10,1.41,2.03,-2.76,1.41,1.89,-2.76,0.57,0.6
1993-11,-1.89,-1.25,-0.74,-1.89,-1.27,-0.74,2.23,-0.94
1993-12,1.65,1.23,0.32,1.65,1.4,0.32,1.16,-0.34
1994-01,2.87,0.34,1.15,2.87,-0.06,1.15,-1.66,1.43
1994-02,-2.55,2.8,-1.54,-2.55,2.67,-1.54,2.14,-1.0
1994-03,-4.78,-1.08,1.6,-4.78,-1.04,1.6,0.69,1.28
1994-04,0.68,-0.93,1.66,0.68,-1.01,1.66,1.07,1.11
1994-05,0.58,-2.15,0.67,0.58,-2.56,0.67,0.6,0.68
1994-06,-3.03,-0.41,1.67,-3.03,-0.5,1.67,1.21,1.47
1994-07,2.82,-1.81,0.58,2.82,-1.85,0.58,-0.65,0.14
1994-08,4.01,1.45,-2.51,4.01,1.37,-2.51,0.95,-1.47
1994-09,-2.31,3.14,-1.89,-2.31,2.8,-1.89,0.52,0.93
1994-10,1.34,-2.24,-1.62,1.34,-2.3,-1.62,0.23,-0.68
1994-11,-4.04,0.25,-0.7,-4.04,0.07,-0.7,0.42,-0.5
1994-12,0.86,0.22,-0.13,0.86,0.0,-0.13,0.37,0.38
1995-01,1.8,-3.5,2.57,1.8,-3.06,2.57,0.17,-0.75
1995-02,3.63,-0.66,1.08,3.63,-0.54,1.08,0.59,-0.33
1995-03,2.19,-0.16,-2.15,2.19,-0.51,-2.15,-0.17,0.22
1995-04,2.11,-0.49,1.71,2.11,-0.22,1.71,0.41,0.9
1995-05,2.9,-2.55,2.29,2.9,-2.19,2.29,0.39,0.04
1995-06,2.72,3.18,-2.54,2.72,3.06,-2.54,-0.33,-2.44
1995-07,3.72,2.07,-1.62,3.72,2.09,-1.62,0.3,-1.65
1995-08,0.55,1.35,2.79,0.55,1.75,2.79,-1.24,1.62
1995-09,3.35,-2.2,-0.04,3.35,-1.88,-0.04,1.03,0.36
1995-10,-1.52,-3.78,-0.5,-1.52,-4.04,-0.5,1.91,-0.05
1995-11,3.96,-1.09,0.51,3.96,-1.07,0.51,-0.62,1.12
1995-12,1.03,0.7,0.22,1.03,0.72,0.22,-1.37,3.1
1996-01,2.26,-2.73,0.38,2.26,-2.56,0.38,0.18,2.31
1996-02,1.33,1.79,-1.08,1.33,1.77,-1.08,0.24,-1.9
1996-03,0.73,1.49,0.35,0.73,1.61,0.35,1.42,-0.95
1996-04,2.06,5.23,-4.02,2.06,4.71,-4.02,-0.14,-2.11
1996-05,2.36,3.17,-0.83,2.36,3.21,-0.83,0.12,-0.3
1996-06,-1.14,-4.01,2.35,-1.14,-3.65,2.35,3.51,1.22
1996-07,-5.97,-4.31,5.14,-5.97,-3.81,5.14,2.95,2.6
1996-08,2.77,2.44,-0.74,2.77,2.57,-0.74,-0.37,-2.42
1996-09,5.01,-0.98,-2.72,5.01,-1.39,-2.72,1.27,-2.22
1996-10,0.86,-4.44,4.94,0.86,-3.77,4.94,1.4,3.25
1996-11,6.25,-4.02,1.39,6.25,-3.8,1.39,2.12,-0.79
1996-12,-1.7,3.16,1.31,-1.7,3.25,1.31,0.37,1.49
1997-01,4.99,-1.95,-1.42,4.99,-1.82,-1.42,1.19,-0.02
1997-02,-0.49,-3.22,5.67,-0.49,-2.59,5.67,0.67,3.47
1997-03,-5.03,-0.36,3.39,-5.03,-0.43,3.39,0.5,1.66
1997-04,4.04,-5.77,0.07,4.04,-5.7,0.07,3.26,-0.72
1997-05,6.74,5.19,-4.13,6.74,4.75,-4.13,-1.02,-2.96
1997-06,4.1,1.22,1.58,4.1,1.19,1.58,0.56,0.66
1997-07,7.33,-2.74,0.26,7.33,-2.76,0.26,0.07,-2.58
1997-08,-4.15,7.28,1.18,-4.15,7.61,1.18,-1.11,-0.04
1997-09,5.35,2.53,0.37,5.35,2.49,0.37,-1.63,-0.91
1997-10,-3.8,-0.73,2.27,-3.8,-0.52,2.27,1.0,1.94
1997-11,2.98,-5.12,1.2,2.98,-5.11,1.2,2.81,1.84
1997-12,1.32,-2.48,3.84,1.32,-2.03,3.84,0.74,1.92
1998-01,0.15,-1.07,-1.63,0.15,-1.36,-1.63,0.87,-0.73
1998-02,7.04,0.32,-0.85,7.04,0.2,-0.85,-0.31,-2.54
1998-03,4.76,-1.14,1.39,4.76,-0.65,1.39,-0.26,-0.37
1998-04,0.73,0.07,0.94,0.73,0.0,0.94,-1.69,-0.36
1998-05,-3.07,-3.38,3.44,-3.07,-2.95,3.44,1.1,2.61
1998-06,3.18,-3.21,-1.96,3.18,-3.66,-1.96,-0.26,-2.97
1998-07,-2.46,-4.91,-1.78,-2.46,-5.27,-1.78,1.74,0.45
1998-08,-16.08,-5.69,3.53,-16.08,-5.17,3.53,3.37,5.91
1998-09,6.15,0.09,-3.42,6.15,-0.78,-3.42,-1.88,-2.99
1998-10,7.13,-3.12,-2.23,7.13,-3.43,-2.23,0.93,0.31
1998-11,6.1,1.23,-3.25,6.1,0.75,-3.25,-0.86,-1.18
1998-12,6.16,-0.5,-4.19,6.16,-1.56,-4.19,-0.76,-3.39
1999-01,3.5,0.75,-4.6,3.5,-0.75,-4.6,-2.77,-6.8
1999-02,-4.08,-6.08,1.92,-4.08,-5.22,1.92,-1.23,4.1
1999-03,3.45,-3.8,-2.74,3.45,-4.23,-2.74,-4.07,-1.42
1999-04,4.33,3.91,2.46,4.33,4.52,2.46,-2.53,0.89
1999-05,-2.46,3.34,2.35,-2.46,3.71,2.35,0.93,3.34
1999-06,4.77,3.1,-3.19,4.77,2.29,-3.19,1.13,-3.21
1999-07,-3.49,2.6,-0.44,-3.49,2.57,-0.44,0.36,3.22
1999-08,-1.38,-0.94,-1.87,-1.38,-1.73,-1.87,-0.24,0.64
1999-09,-2.79,3.41,-3.49,-2.79,2.59,-3.49,-0.75,-1.23
1999-10,6.12,-6.64,-3.37,6.12,-6.91,-3.37,-1.74,-1.19
1999-11,3.37,7.21,-6.12,3.37,5.8,-6.12,-4.28,-1.74
1999-12,7.72,7.03,-8.33,7.72,5.39,-8.33,-7.6,-5.63
2000-01,-4.74,5.77,-1.88,-4.74,4.42,-1.88,-6.29,4.72
2000-02,2.45,21.36,-9.59,2.45,18.28,-9.59,-18.65,-0.48
2000-03,5.2,-17.2,8.13,5.2,-15.32,8.13,11.79,-1.59
2000-04,-6.4,-6.68,7.26,-6.4,-5.01,7.26,7.66,5.65
2000-05,-4.42,-6.05,4.75,-4.42,-3.81,4.75,4.13,1.37
2000-06,4.64,12.84,-8.42,4.64,9.92,-8.42,-8.31,-2.95
2000-07,-2.51,-3.07,8.31,-2.51,-1.03,8.31,5.83,2.94
2000-08,7.03,-0.61,-1.39,7.03,-1.03,-1.39,-3.22,1.1
2000-09,-5.45,-1.82,7.17,-5.45,0.19,7.17,2.56,5.53
2000-10,-2.76,-3.88,5.71,-2.76,-2.65,5.71,9.61,3.8
2000-11,-10.72,-3.41,12.3,-10.72,-0.58,12.3,13.07,8.43
2000-12,1.19,0.73,7.61,1.19,3.26,7.61,1.71,4.79
2001-01,3.13,6.68,-5.07,3.13,5.48,-5.07,-4.69,-5.03
2001-02,-10.05,-0.78,12.47,-10.05,2.83,12.47,9.1,9.07
2001-03,-7.26,0.25,6.42,-7.26,2.33,6.42,3.35,3.92
2001-04,7.94,0.55,-4.67,7.94,-0.86,-4.67,-3.06,-3.2
2001-05,0.72,2.5,3.36,0.72,3.6,3.36,0.25,1.91
2001-06,-1.94,6.24,-1.12,-1.94,6.57,-1.12,1.6,-1.51
2001-07,-2.13,-4.19,5.21,-2.13,-2.82,5.21,7.42,3.07
2001-08,-6.46,2.48,2.31,-6.46,2.71,2.31,4.05,6.57
2001-09,-9.25,-6.23,1.45,-9.25,-5.73,1.45,4.99,3.21
2001-10,2.46,7.48,-7.65,2.46,5.27,-7.65,-2.98,-4.55
2001-11,7.54,-0.47,2.21,7.54,-0.31,2.21,-3.73,-1.61
2001-12,1.6,4.74,0.84,1.6,5.16,0.84,0.34,-0.26
2002-01,-1.44,1.19,3.44,-1.44,1.26,3.44,4.69,2.84
2002-02,-2.29,-1.01,2.16,-2.29,-0.36,2.16,8.07,5.11
2002-03,4.24,4.21,1.06,4.24,4.25,1.06,-1.78,0.58
2002-04,-5.2,5.96,3.88,-5.2,6.72,3.88,4.56,5.38
2002-05,-1.38,-3.21,1.53,-1.38,-3.02,1.53,2.36,2.44
2002-06,-7.21,4.29,-0.05,-7.21,3.89,-0.05,3.93,2.51
2002-07,-8.18,-5.28,-3.85,-8.18,-6.43,-3.85,3.79,-0.99
2002-08,0.5,-2.86,3.28,0.5,-1.31,3.28,1.36,-1.47
2002-09,-10.35,2.4,1.47,-10.35,3.08,1.47,3.29,-2.19
2002-10,7.84,-3.41,-3.95,7.84,-4.31,-3.95,-3.39,0.76
2002-11,5.96,3.18,-1.23,5.96,2.91,-1.23,-9.2,5.15
2002-12,-5.76,0.09,2.14,-5.76,0.62,2.14,6.29,-1.68
2003-01,-2.57,1.33,-0.83,-2.57,0.7,-0.83,-0.99,0.69
2003-02,-1.88,-0.45,-1.39,-1.88,-0.93,-1.39,0.83,-0.62
2003-03,1.09,1.02,-1.93,1.09,0.65,-1.93,1.87,-0.77
2003-04,8.22,0.63,1.14,8.22,1.02,1.14,-4.68,1.06
2003-05,6.05,4.67,0.4,6.05,4.81,0.4,-7.0,2.91
2003-06,1.42,1.74,0.11,1.42,1.66,0.11,0.51,-0.38
2003-07,2.35,5.06,-1.24,2.35,4.54,-1.24,-4.14,1.78
2003-08,2.34,2.59,1.53,2.34,2.48,1.53,-2.25,2.14
2003-09,-1.24,0.8,0.16,-1.24,0.54,0.16,1.01,0.34
2003-10,6.08,2.7,1.97,6.08,2.71,1.97,-1.35,1.55
2003-11,1.35,2.08,1.78,1.35,2.33,1.78,0.19,1.81
2003-12,4.29,-2.68,1.6,4.29,-2.49,1.6,0.56,0.94
2004-01,2.15,2.55,2.49,2.15,2.45,2.49,-3.66,3.38
2004-02,1.4,-1.58,0.9,1.4,-0.93,0.9,2.17,-1.21
2004-03,-1.32,1.72,0.27,-1.32,2.1,0.27,1.56,-0.98
2004-04,-1.83,-1.68,-3.1,-1.83,-2.01,-3.1,3.45,-2.84
2004-05,1.17,-0.2,-0.25,1.17,-0.38,-0.25,-1.18,0.03
2004-06,1.86,2.26,1.18,1.86,2.56,1.18,1.2,-0.39
2004-07,-4.06,-3.81,3.24,-4.06,-2.95,3.24,5.32,-1.66
2004-08,0.08,-1.48,0.97,0.08,-1.13,0.97,1.23,-1.47
2004-09,1.6,3.01,0.0,1.6,3.27,0.0,-1.49,-1.88
2004-10,1.43,0.15,-0.22,1.43,0.19,-0.22,-0.52,0.49
2004-11,4.54,3.74,1.41,4.54,4.11,1.41,-0.58,-0.22
2004-12,3.43,-0.03,-0.22,3.43,-0.05,-0.22,-1.16,0.46
2005-01,-2.76,-1.72,2.06,-2.76,-1.17,2.06,2.74,-1.46
2005-02,1.89,-0.57,1.54,1.89,-0.31,1.54,1.43,-0.05
2005-03,-1.97,-1.4,2.04,-1.97,-1.42,2.04,0.47,1.29
2005-04,-2.61,-3.94,0.07,-2.61,-3.98,0.07,0.97,-0.94
2005-05,3.65,2.89,-0.64,3.65,2.79,-0.64,-1.0,0.3
2005-06,0.57,2.58,2.83,0.57,3.28,2.83,0.96,-0.51
2005-07,3.92,2.91,-0.79,3.92,2.81,-0.79,-1.19,-0.82
2005-08,-1.22,-0.97,1.32,-1.22,-0.89,1.32,-2.05,0.37
2005-09,0.49,-0.65,0.71,0.49,-0.34,0.71,0.27,-0.6
2005-10,-2.02,-1.25,0.42,-2.02,-1.45,0.42,-0.93,-1.3
2005-11,3.61,0.99,-1.16,3.61,0.84,-1.16,-0.76,-1.14
2005-12,-0.25,-0.42,0.2,-0.25,-0.2,0.2,0.21,0.23
2006-01,3.04,5.39,1.08,3.04,5.75,1.08,-0.64,-0.46
2006-02,-0.3,-0.38,-0.34,-0.3,-0.42,-0.34,-0.51,1.91
2006-03,1.46,3.44,0.6,1.46,3.38,0.6,0.06,-0.41
2006-04,0.73,-1.42,2.34,0.73,-0.84,2.34,1.8,0.01
2006-05,-3.57,-2.96,2.41,-3.57,-2.85,2.41,1.15,1.46
2006-06,-0.35,-0.39,0.85,-0.35,-0.24,0.85,1.32,-0.07
2006-07,-0.78,-3.98,2.6,-0.78,-3.63,2.6,1.63,0.9
2006-08,2.03,1.03,-2.06,2.03,0.44,-2.06,-1.86,2.09
2006-09,1.84,-1.36,0.08,1.84,-1.46,0.08,0.82,0.6
2006-10,3.23,1.75,-0.31,3.23,1.98,-0.31,-0.12,0.28
2006-11,1.71,0.7,0.14,1.71,0.71,0.14,0.15,-0.8
2006-12,0.87,-1.14,2.73,0.87,-0.81,2.73,-0.72,2.06
2007-01,1.4,0.13,-0.68,1.4,0.07,-0.68,0.25,0.38
2007-02,-1.96,1.19,-0.14,-1.96,1.29,-0.14,-0.51,-0.71
2007-03,0.68,0.16,-0.97,0.68,0.2,-0.97,0.64,-0.65
2007-04,3.49,-2.16,-1.45,3.49,-2.04,-1.45,1.15,1.03
2007-05,3.24,0.24,-0.65,3.24,0.4,-0.65,1.58,-1.36
2007-06,-1.96,0.74,-1.05,-1.96,0.74,-1.05,0.53,0.08
2007-07,-3.73,-2.61,-3.71,-3.73,-2.99,-3.71,0.2,-1.13
2007-08,0.92,-0.12,-1.86,0.92,-0.37,-1.86,-1.21,-0.53
2007-09,3.22,-2.23,-2.21,3.22,-2.44,-2.21,-0.52,-3.02
2007-10,1.8,0.08,-2.98,1.8,-0.08,-2.98,-0.3,-0.09
2007-11,-4.83,-2.93,-0.94,-4.83,-3.02,-0.94,1.89,-0.29
2007-12,-0.87,0.13,-0.55,-0.87,0.15,-0.55,0.87,-1.05
2008-01,-6.36,-1.03,3.97,-6.36,-0.65,3.97,2.14,2.14
2008-02,-3.09,-0.43,-0.84,-3.09,-0.66,-0.84,0.88,-0.93
2008-03,-0.93,0.71,0.3,-0.93,0.56,0.3,0.79,0.5
2008-04,4.6,-1.72,-0.94,4.6,-1.2,-0.94,1.64,-2.47
2008-05,1.86,2.96,-1.43,1.86,3.02,-1.43,0.93,-0.06
2008-06,-8.44,1.23,-2.71,-8.44,1.18,-2.71,4.96,-0.55
2008-07,-0.77,2.61,5.42,-0.77,3.72,5.42,-1.37,1.08
2008-08,1.53,3.6,1.59,1.53,3.46,1.59,1.86,0.84
2008-09,-9.24,-1.23,5.91,-9.24,0.25,5.91,2.41,1.78
2008-10,-17.23,-2.6,-2.3,-17.23,-3.34,-2.3,3.04,2.05
2008-11,-7.86,-2.85,-6.31,-7.86,-3.89,-6.31,4.53,2.75
2008-12,1.74,3.46,0.14,1.74,3.29,0.14,0.06,-1.49
2009-01,-8.12,0.07,-11.29,-8.12,-2.14,-11.29,0.18,-1.17
2009-02,-10.1,0.05,-6.95,-10.1,-1.32,-6.95,1.19,-1.02
2009-03,8.95,0.03,3.47,8.95,0.67,3.47,-2.52,-2.25
2009-04,10.18,5.4,5.36,10.18,7.13,5.36,1.31,0.13
2009-05,5.21,-2.52,0.28,5.21,-2.32,0.28,-0.78,-2.17
2009-06,0.43,2.63,-2.73,0.43,2.29,-2.73,-1.41,-0.33
2009-07,7.72,1.87,4.83,7.72,2.39,4.83,-0.46,3.14
2009-08,3.33,-1.08,7.63,3.33,-0.09,7.63,-3.02,3.34
2009-09,4.08,2.43,1.05,4.08,2.73,1.05,1.31,0.36
2009-10,-2.59,-4.35,-4.21,-2.59,-4.93,-4.21,4.17,-1.51
2009-11,5.56,-2.4,-0.34,5.56,-2.68,-0.34,1.0,0.12
2009-12,2.75,6.05,-0.17,2.75,6.24,-0.17,1.02,-0.09
2010-01,-3.36,0.4,0.43,-3.36,0.34,0.43,-1.27,0.46
2010-02,3.4,1.19,3.23,3.4,1.51,3.23,-0.27,1.43
2010-03,6.31,1.48,2.21,6.31,1.85,2.21,-0.65,1.69
2010-04,2.0,4.87,2.89,2.0,4.98,2.89,0.69,1.72
2010-05,-7.89,0.09,-2.44,-7.89,0.04,-2.44,1.3,-0.21
2010-06,-5.57,-1.82,-4.7,-5.57,-2.47,-4.7,-0.16,-1.55
2010-07,6.93,0.2,-0.31,6.93,0.12,-0.31,0.24,2.01
2010-08,-4.77,-3.0,-1.9,-4.77,-3.15,-1.9,0.53,-1.59
2010-09,9.54,3.96,-3.16,9.54,3.75,-3.16,-0.21,0.38
2010-10,3.88,1.14,-2.43,3.88,0.8,-2.43,1.19,-0.26
2010-11,0.6,3.77,-0.96,0.6,3.67,-0.96,0.45,1.59
2010-12,6.82,0.73,3.7,6.82,1.03,3.7,-3.44,3.16
2011-01,1.99,-2.5,0.83,1.99,-2.43,0.83,-0.76,0.83
2011-02,3.49,1.53,1.27,3.49,1.65,1.27,-1.94,0.88
2011-03,0.46,2.54,-1.83,0.46,2.62,-1.83,1.76,-0.03
2011-04,2.9,-0.38,-2.43,2.9,-0.55,-2.43,1.01,-0.8
2011-05,-1.27,-0.59,-2.12,-1.27,-0.63,-2.12,2.08,-1.59
2011-06,-1.75,-0.12,-0.42,-1.75,0.16,-0.42,2.49,-1.53
2011-07,-2.35,-1.26,-0.9,-2.35,-1.2,-0.9,2.68,-1.81
2011-08,-5.99,-3.05,-2.36,-5.99,-3.2,-2.36,3.3,-0.38
2011-09,-7.59,-3.31,-1.72,-7.59,-3.66,-1.72,2.04,0.24
2011-10,11.35,3.28,0.1,11.35,3.46,0.1,-2.16,-0.86
2011-11,-0.28,-0.16,-0.46,-0.28,-0.28,-0.46,1.86,1.49
2011-12,0.74,-0.59,1.63,0.74,-0.33,1.63,0.98,2.52
2012-01,5.05,2.04,-0.97,5.05,2.06,-0.97,-2.01,-1.43
2012-02,4.42,-1.85,0.43,4.42,-1.71,0.43,-0.48,-0.01
2012-03,3.11,-0.64,1.14,3.11,-0.47,1.14,-0.54,0.74
2012-04,-0.85,-0.42,-0.78,-0.85,-0.55,-0.78,1.3,0.65
2012-05,-6.19,0.07,-1.07,-6.19,-0.12,-1.07,2.08,2.31
2012-06,3.89,0.67,0.62,3.89,0.84,0.62,-1.09,0.46
2012-07,0.79,-2.74,-0.02,0.79,-2.78,-0.02,1.1,0.05
2012-08,2.55,0.47,1.3,2.55,0.44,1.3,-1.33,-0.84
2012-09,2.73,0.5,1.6,2.73,0.61,1.6,-1.49,1.55
2012-10,-1.76,-1.15,3.59,-1.76,-0.89,3.59,-1.34,2.5
2012-11,0.78,0.63,-0.84,0.78,0.46,-0.84,0.6,0.84
2012-12,1.18,1.48,3.51,1.18,1.89,3.51,-1.85,0.91
2013-01,5.57,0.33,0.96,5.57,0.48,0.96,-1.93,1.41
2013-02,1.29,-0.27,0.11,1.29,-0.25,0.11,-0.67,0.52
2013-03,4.03,0.81,-0.19,4.03,0.85,-0.19,0.14,1.38
2013-04,1.55,-2.37,0.45,1.55,-2.25,0.45,0.27,0.37
2013-05,2.8,1.7,2.63,2.8,2.06,2.63,-1.97,-0.87
2013-06,-1.2,1.33,0.03,-1.2,1.57,0.03,-0.38,0.0
2013-07,5.65,1.87,0.57,5.65,1.81,0.57,-1.35,0.51
2013-08,-2.71,0.27,-2.69,-2.71,-0.06,-2.69,0.66,-2.16
2013-09,3.77,2.88,-1.22,3.77,2.63,-1.22,-0.58,-1.36
2013-10,4.18,-1.53,1.25,4.18,-1.48,1.25,2.78,0.87
2013-11,3.13,1.29,0.32,3.13,1.41,0.32,0.14,0.04
2013-12,2.81,-0.46,-0.02,2.81,-0.45,-0.02,-0.46,0.09
2014-01,-3.32,0.89,-2.07,-3.32,0.58,-2.07,-3.88,-1.42
2014-02,4.65,0.35,-0.31,4.65,0.14,-0.31,-0.23,-0.45
2014-03,0.43,-1.81,4.93,0.43,-1.09,4.93,2.13,1.92
2014-04,-0.19,-4.19,1.17,-0.19,-4.12,1.17,3.48,1.02
2014-05,2.06,-1.88,-0.13,2.06,-1.89,-0.13,0.05,-1.0
2014-06,2.61,3.09,-0.7,2.61,3.11,-0.7,-1.89,-2.0
2014-07,-2.04,-4.29,0.03,-2.04,-4.29,0.03,0.89,0.52
2014-08,4.24,0.4,-0.45,4.24,0.31,-0.45,-0.64,-0.7
2014-09,-1.97,-3.71,-1.34,-1.97,-3.72,-1.34,1.3,-0.51
2014-10,2.52,4.21,-1.81,2.52,3.73,-1.81,-0.57,-0.11
2014-11,2.55,-2.06,-3.09,2.55,-2.28,-3.09,1.5,0.27
2014-12,-0.06,2.49,2.27,-0.06,2.86,2.27,-1.22,0.96
2015-01,-3.11,-0.56,-3.58,-3.11,-0.92,-3.58,1.61,-1.65
2015-02,6.13,0.63,-1.86,6.13,0.32,-1.86,-1.12,-1.82
2015-03,-1.12,3.04,-0.37,-1.12,3.07,-0.37,0.09,-0.52
2015-04,0.59,-3.06,1.82,0.59,-3.09,1.82,0.06,-0.61
2015-05,1.36,0.93,-1.14,1.36,0.83,-1.14,-1.79,-0.74
2015-06,-1.53,2.91,-0.79,-1.53,2.9,-0.79,0.44,-1.58
2015-07,1.54,-4.17,-4.13,1.54,-4.55,-4.13,0.3,-2.41
2015-08,-6.04,0.33,2.77,-6.04,0.25,2.77,0.68,1.19
2015-09,-3.07,-2.62,0.56,-3.07,-2.79,0.56,1.77,-0.58
2015-10,7.75,-1.88,-0.46,7.75,-2.07,-0.46,0.88,0.52
2015-11,0.56,3.6,-0.42,0.56,3.31,-0.42,-2.75,-0.99
2015-12,-2.17,-2.84,-2.61,-2.17,-2.99,-2.61,0.5,-0.02
2016-01,-5.77,-3.42,2.09,-5.77,-3.47,2.09,2.82,3.08
2016-02,-0.07,0.73,-0.57,-0.07,0.88,-0.57,3.25,2.02
2016-03,6.96,0.82,1.19,6.96,1.07,1.19,0.77,-0.08
2016-04,0.91,0.76,3.28,0.91,1.23,3.28,-2.97,1.9
2016-05,1.78,-0.17,-1.66,1.78,-0.61,-1.66,-1.09,-2.48
2016-06,-0.05,0.61,-1.48,-0.05,0.45,-1.48,1.4,1.94
2016-07,3.95,2.49,-1.32,3.95,2.48,-1.32,1.26,-1.18
2016-08,0.49,1.15,3.18,0.49,1.68,3.18,-1.85,-0.34
2016-09,0.25,2.12,-1.24,0.25,1.85,-1.24,-2.21,0.03
2016-10,-2.02,-4.4,4.09,-2.02,-4.02,4.09,0.93,0.28
2016-11,4.86,5.71,8.21,4.86,7.07,8.21,-0.18,3.7
2016-12,1.81,0.1,3.53,1.81,0.41,3.53,1.22,-0.23
2017-01,1.94,-1.19,-2.75,1.94,-1.46,-2.75,-0.49,-0.99
2017-02,3.57,-2.05,-1.67,3.57,-2.22,-1.67,0.47,-1.83
2017-03,0.17,1.14,-3.35,0.17,0.74,-3.35,0.61,-0.94
2017-04,1.09,0.73,-2.13,1.09,0.48,-2.13,1.9,-1.6
2017-05,1.06,-2.57,-3.78,1.06,-3.06,-3.78,0.95,-1.79
2017-06,0.78,2.25,1.48,0.78,2.58,1.48,-2.22,0.0
2017-07,1.87,-1.51,-0.31,1.87,-1.69,-0.31,-0.64,-0.2
2017-08,0.16,-1.67,-2.09,0.16,-1.82,-2.09,0.14,-2.38
2017-09,2.51,4.47,3.14,2.51,4.78,3.14,-1.47,1.69
2017-10,2.25,-1.94,0.2,2.25,-1.94,0.2,0.93,-3.25
2017-11,3.12,-0.55,-0.03,3.12,-0.33,-0.03,3.16,-0.05
2017-12,1.06,-1.32,0.06,1.06,-1.07,0.06,0.74,1.69
2018-01,5.57,-3.13,-1.29,5.57,-3.18,-1.29,-0.76,-0.96
2018-02,-3.65,0.25,-1.04,-3.65,0.32,-1.04,0.52,-2.37
2018-03,-2.35,4.06,-0.21,-2.35,3.59,-0.21,-0.46,0.01
2018-04,0.28,1.13,0.54,0.28,0.93,0.54,-2.42,1.3
2018-05,2.65,5.25,-3.2,2.65,4.73,-3.2,-2.04,-1.5
2018-06,0.48,1.14,-2.34,0.48,0.8,-2.34,0.79,0.24
2018-07,3.19,-2.22,0.47,3.19,-1.93,0.47,1.56,0.35
2018-08,3.44,1.14,-3.94,3.44,0.64,-3.94,-0.31,-2.7
2018-09,0.06,-2.27,-1.7,0.06,-2.48,-1.7,0.63,1.29
2018-10,-7.68,-4.78,3.4,-7.68,-4.46,3.4,0.94,3.59
2018-11,1.69,-0.68,0.3,1.69,-0.77,0.3,-0.55,0.39
2018-12,-9.57,-2.38,-1.84,-9.57,-2.88,-1.84,-0.02,0.21
2019-01,8.4,2.9,-0.46,8.4,3.03,-0.46,-0.8,-1.51
2019-02,3.4,2.05,-2.67,3.4,1.74,-2.67,0.12,-1.59
2019-03,1.1,-3.05,-4.17,1.1,-3.51,-4.17,0.9,-0.95
2019-04,3.97,-1.74,2.15,3.97,-1.17,2.15,1.61,-2.22
2019-05,-6.94,-1.32,-2.37,-6.94,-1.59,-2.37,-0.46,1.77
2019-06,6.93,0.29,-0.71,6.93,0.37,-0.71,0.9,-0.44
2019-07,1.19,-1.93,0.48,1.19,-1.78,0.48,-0.08,0.36
2019-08,-2.58,-2.38,-4.78,-2.58,-3.24,-4.78,0.56,-0.68
2019-09,1.43,-0.96,6.75,1.43,0.27,6.75,1.84,3.37
2019-10,2.06,0.29,-1.91,2.06,0.26,-1.91,0.44,-0.96
2019-11,3.87,0.77,-2.02,3.87,0.44,-2.02,-1.59,-1.24
2019-12,2.77,0.73,1.75,2.77,0.97,1.75,0.01,1.24
2020-01,-0.11,-3.11,-6.25,-0.11,-4.38,-6.25,-1.17,-2.32
2020-02,-8.13,1.07,-3.81,-8.13,0.04,-3.81,-1.47,-2.51
2020-03,-13.39,-4.83,-13.87,-13.39,-8.28,-13.87,-1.57,1.24
2020-04,13.65,2.45,-1.33,13.65,2.56,-1.33,2.72,-1.0
2020-05,5.58,2.47,-4.88,5.58,1.97,-4.88,0.95,-3.26
2020-06,2.46,2.69,-2.2,2.46,1.96,-2.2,0.09,0.54
2020-07,5.77,-2.33,-1.41,5.77,-3.2,-1.41,0.41,1.02
2020-08,7.63,-0.22,-2.97,7.63,-0.89,-2.97,4.28,-1.19
2020-09,-3.63,0.02,-2.71,-3.63,0.01,-2.71,-1.36,-1.85
2020-10,-2.1,4.38,4.25,-2.1,4.64,4.25,-0.83,-0.78
2020-11,12.47,5.8,2.09,12.47,7.11,2.09,-2.2,1.4
2020-12,4.63,4.89,-1.51,4.63,4.79,-1.51,-1.96,-0.12
2021-01,-0.03,7.36,3.01,-0.03,6.94,3.01,-3.78,4.94
2021-02,2.78,2.05,7.15,2.78,4.54,7.15,0.39,-1.94
2021-03,3.08,-2.37,7.39,3.08,-0.88,7.39,6.36,3.42
2021-04,4.93,-3.19,-0.95,4.93,-3.16,-0.95,2.44,-2.7
2021-05,0.29,-0.25,7.09,0.29,1.22,7.09,2.45,3.04
2021-06,2.75,1.68,-7.87,2.75,-0.34,-7.87,-2.14,-0.94
2021-07,1.27,-3.97,-1.78,1.27,-4.61,-1.78,5.46,-0.52
2021-08,2.91,-0.42,-0.15,2.91,-0.68,-0.15,-0.28,-1.79
2021-09,-4.37,0.71,5.08,-4.37,1.12,5.08,-1.96,2.1
2021-10,6.65,-2.35,-0.49,6.65,-2.7,-0.49,1.66,-1.45
2021-11,-1.55,-1.32,-0.45,-1.55,-1.77,-0.45,7.2,1.73
2021-12,3.1,-1.67,3.26,3.1,-0.8,3.26,4.91,4.4
2022-01,-6.25,-5.94,12.75,-6.25,-4.06,12.75,0.84,7.72
2022-02,-2.29,2.19,3.08,-2.29,2.92,3.08,-2.09,3.12
2022-03,3.05,-1.61,-1.81,3.05,-2.17,-1.81,-1.53,3.14
2022-04,-9.46,-1.39,6.17,-9.46,-0.39,6.17,3.52,5.89
2022-05,-0.34,-1.83,8.39,-0.34,-0.06,8.39,1.56,3.97
2022-06,-8.43,2.1,-5.97,-8.43,1.3,-5.97,1.81,-4.69
2022-07,9.57,2.81,-4.05,9.57,1.82,-4.05,0.82,-6.83
2022-08,-3.77,1.4,0.29,-3.77,1.52,0.29,-4.75,1.29
2022-09,-9.35,-0.81,0.05,-9.35,-1.05,0.05,-1.51,-0.8
2022-10,7.83,0.06,8.01,7.83,1.89,8.01,3.34,6.64
2022-11,4.6,-3.52,1.38,4.6,-2.74,1.38,6.38,3.18
2022-12,-6.41,-0.69,1.37,-6.41,-0.15,1.37,0.25,4.2
2023-01,6.65,5.01,-4.01,6.65,4.41,-4.01,-2.44,-4.47
2023-02,-2.58,1.17,-0.81,-2.58,0.66,-0.81,1.01,-1.33
2023-03,2.51,-5.51,-8.85,2.51,-6.94,-8.85,2.24,-2.37
2023-04,0.61,-3.35,-0.04,0.61,-2.56,-0.04,2.42,2.86
2023-05,0.35,1.61,-7.72,0.35,-0.38,-7.72,-1.81,-7.22
2023-06,6.46,1.54,-0.26,6.46,1.34,-0.26,2.18,-1.62
2023-07,3.21,2.08,4.11,3.21,2.86,4.11,-0.57,0.57
2023-08,-2.39,-3.16,-1.06,-2.39,-3.65,-1.06,3.43,-2.37
2023-09,-5.24,-2.51,1.52,-5.24,-1.8,1.52,1.86,-0.83
2023-10,-3.19,-3.87,0.19,-3.19,-4.04,0.19,2.46,-0.66
2023-11,8.84,0.0,1.65,8.84,-0.1,1.65,-3.89,-0.99
